Team,name
NC,나성범
NC,알테어
NC,이명기
NC,박민우
NC,양의지
NC,노진혁
NC,박석민
NC,강진성
NC,권희동
kt,로하스
kt,배정대
kt,황재균
kt,강백호
kt,심우준
kt,조용호
kt,장성우
kt,유한준
kt,박경수
LG,김현수
LG,오지환
LG,홍창기
LG,라모스
LG,유강남
LG,채은성
LG,정주현
LG,이천웅
LG,김민성
두산,페르난데스
두산,김재환
두산,최주환
두산,정수빈
두산,박건우
두산,오재일
두산,허경민
두산,김재호
두산,박세혁
키움,김하성
키움,이정후
키움,서건창
키움,김혜성
키움,박준태
키움,전병우
키움,박병호
키움,박동원
키움,허정협
KIA,터커
KIA,최형우
KIA,나지완
KIA,박찬호
KIA,유민상
KIA,최원준
KIA,김선빈
KIA,한승택
KIA,김민식
롯데,전준우
롯데,손아섭
롯데,이대호
롯데,마차도
롯데,한동희
롯데,정훈
롯데,안치홍
롯데,김준태
롯데,민병헌
삼성,박해민
삼성,구자욱
삼성,김상수
삼성,이원석
삼성,김동엽
삼성,강민호
삼성,김지찬
삼성,김헌곤
삼성,이성규
SK,로맥
SK,최정
SK,최지훈
SK,김성현
SK,김강민
SK,고종욱
SK,이재원
SK,한유섬
SK,최준우
한화,이용규
한화,최재훈
한화,노시환
한화,정진호
한화,반즈
한화,정은원
한화,송광민
한화,하주석
한화,김태균
